/*
SQLyog Ultimate v12.09 (64 bit)
MySQL - 5.5.58 : Database - girl
*********************************************************************
*/

/*!40101 SET NAMES utf8 */;

/*!40101 SET SQL_MODE=''*/;

/*!40014 SET @OLD_UNIQUE_CHECKS=@@UNIQUE_CHECKS, UNIQUE_CHECKS=0 */;
/*!40014 SET @OLD_FOREIGN_KEY_CHECKS=@@FOREIGN_KEY_CHECKS, FOREIGN_KEY_CHECKS=0 */;
/*!40101 SET @OLD_SQL_MODE=@@SQL_MODE, SQL_MODE='NO_AUTO_VALUE_ON_ZERO' */;
/*!40111 SET @OLD_SQL_NOTES=@@SQL_NOTES, SQL_NOTES=0 */;
CREATE DATABASE /*!32312 IF NOT EXISTS*/`girl` /*!40100 DEFAULT CHARACTER SET gbk */;

USE `girl`;

/*Table structure for table `bequipment` */

DROP TABLE IF EXISTS `bequipment`;

CREATE TABLE `bequipment` (
  `id` varchar(36) NOT NULL COMMENT '添加设备',
  `tid` varchar(36) NOT NULL COMMENT '厕所id',
  `down` varchar(2) NOT NULL COMMENT '蹲位',
  `toilets` varchar(2) NOT NULL COMMENT '坐便器',
  `urinal` varchar(2) NOT NULL COMMENT '小便池',
  `sink` varchar(2) NOT NULL COMMENT '洗手台',
  `handdryer` varchar(2) NOT NULL COMMENT '干手器',
  `mark` varchar(500) DEFAULT NULL COMMENT '备注',
  PRIMARY KEY (`id`)
) ENGINE=InnoDB DEFAULT CHARSET=gbk;

/*Data for the table `bequipment` */

insert  into `bequipment`(`id`,`tid`,`down`,`toilets`,`urinal`,`sink`,`handdryer`,`mark`) values ('1517993273770990','1517972101122820','1','1','1','1','1',NULL),('1517993362170404','1517972195902724','2','2','1','2','1',NULL),('1517993430681722','1517972838499681','1','1','1','1','1',NULL),('1517993430681723','1517972838499681','1','1','1','1','1',NULL),('1518151071317776','1518142918120636','1','1','1','1','1',NULL),('1518151071317777','1518142918120636','1','1','1','1','1',NULL),('1518415796784381','1518415177520936','1','2','2','2','1',NULL);

/*Table structure for table `bmenu` */

DROP TABLE IF EXISTS `bmenu`;

CREATE TABLE `bmenu` (
  `id` varchar(36) NOT NULL,
  `name` varchar(36) NOT NULL,
  `parentid` varchar(36) NOT NULL,
  `isparent` int(4) NOT NULL COMMENT '0不是父,1是父;',
  `url` varchar(128) NOT NULL,
  `status` int(11) NOT NULL DEFAULT '1' COMMENT '0无效，1有效',
  PRIMARY KEY (`id`)
) ENGINE=InnoDB DEFAULT CHARSET=gbk;

/*Data for the table `bmenu` */

insert  into `bmenu`(`id`,`name`,`parentid`,`isparent`,`url`,`status`) values ('complaint_main','投诉反馈','0',1,'qq',1),('facilities_main','设备管理','0',1,'ee',1),('facilities_main_1','添加设备','facilities_main',0,'11',1),('facilities_main_2','设备列表','facilities_main',0,'11',1),('facilities_main_3','保修记录','facilities_main',0,'11',1),('gpatrol_main','巡查管理','0',1,'qq',1),('man_main','人员管理','0',1,'11',1),('man_main_1','添加人员','man_main',0,'http://www.baidu.com',1),('man_main_2','人员列表','man_main',0,'11',1),('man_main_3','人员分组','man_main',0,'11',1),('toilet_main','公厕管理','0',1,'https://www.baidu.com',1),('toilet_main_1','添加公厕','toilet_main',0,'https://www.baidu.com',1),('toilet_main_2','公厕列表','toilet_main',0,'(NULQQL)',1),('toilet_main_3','公厕分组','toilet_main',0,'11',1);

/*Table structure for table `boperatelog` */

DROP TABLE IF EXISTS `boperatelog`;

CREATE TABLE `boperatelog` (
  `id` int(11) NOT NULL AUTO_INCREMENT,
  `user_id` char(36) NOT NULL COMMENT '操作者',
  `content` varchar(128) NOT NULL COMMENT '详情',
  `ip` varchar(16) NOT NULL COMMENT 'IP',
  `time` char(14) NOT NULL COMMENT '操作时间',
  `req` varchar(1000) DEFAULT NULL COMMENT '请求报文',
  `res` varchar(1000) DEFAULT NULL COMMENT '回复报文',
  PRIMARY KEY (`id`)
) ENGINE=InnoDB DEFAULT CHARSET=utf8;

/*Data for the table `boperatelog` */

/*Table structure for table `bpeople` */

DROP TABLE IF EXISTS `bpeople`;

CREATE TABLE `bpeople` (
  `id` varchar(36) NOT NULL,
  `name` varchar(32) NOT NULL,
  `jointime` varchar(36) NOT NULL,
  `position` varchar(36) NOT NULL,
  `phone` varchar(16) NOT NULL,
  `supervisor` varchar(36) NOT NULL,
  `supervisorphone` varchar(16) NOT NULL,
  `address` varchar(500) NOT NULL,
  `groupid` varchar(36) DEFAULT NULL,
  PRIMARY KEY (`id`)
) ENGINE=InnoDB DEFAULT CHARSET=gbk;

/*Data for the table `bpeople` */

insert  into `bpeople`(`id`,`name`,`jointime`,`position`,`phone`,`supervisor`,`supervisorphone`,`address`,`groupid`) values ('1518335973678100','郑佳辉','2017-01-01','班组长','1231231121','郑佳佳','11111111','浙江省杭州市临安区xxx街xxx路xxx小区',NULL),('1518483483549610','张三2','2016-01-01','班组长','22345678','李四1','1212345678','1浙江省杭州市',NULL);

/*Table structure for table `bpeople_group` */

DROP TABLE IF EXISTS `bpeople_group`;

CREATE TABLE `bpeople_group` (
  `id` varchar(36) NOT NULL COMMENT '人员和分组中间表',
  `bpid` varchar(36) NOT NULL COMMENT '人员id',
  `btgid` varchar(36) NOT NULL COMMENT '分组id',
  PRIMARY KEY (`id`)
) ENGINE=InnoDB DEFAULT CHARSET=gbk;

/*Data for the table `bpeople_group` */

/*Table structure for table `bpeople_toilet` */

DROP TABLE IF EXISTS `bpeople_toilet`;

CREATE TABLE `bpeople_toilet` (
  `id` int(11) NOT NULL AUTO_INCREMENT,
  `bpid` varchar(36) NOT NULL COMMENT '人员主键id',
  `btid` varchar(36) NOT NULL COMMENT '厕所的主键id',
  PRIMARY KEY (`id`)
) ENGINE=InnoDB AUTO_INCREMENT=3 DEFAULT CHARSET=gbk;

/*Data for the table `bpeople_toilet` */

insert  into `bpeople_toilet`(`id`,`bpid`,`btid`) values (1,'1518335973678100','1518142918120636'),(2,'1518483483549610','1517972101122820');

/*Table structure for table `brole` */

DROP TABLE IF EXISTS `brole`;

CREATE TABLE `brole` (
  `id` varchar(32) NOT NULL,
  `nane` varchar(20) NOT NULL,
  `code` varchar(32) NOT NULL,
  `status` varchar(10) NOT NULL DEFAULT 'open',
  PRIMARY KEY (`id`)
) ENGINE=InnoDB DEFAULT CHARSET=gbk;

/*Data for the table `brole` */

insert  into `brole`(`id`,`nane`,`code`,`status`) values ('root','rname','rcode','open'),('user01','user01','user01','open');

/*Table structure for table `brole_menu` */

DROP TABLE IF EXISTS `brole_menu`;

CREATE TABLE `brole_menu` (
  `id` varchar(36) NOT NULL,
  `role_id` varchar(36) NOT NULL,
  `menu_id` varchar(36) NOT NULL,
  PRIMARY KEY (`id`)
) ENGINE=InnoDB DEFAULT CHARSET=gbk;

/*Data for the table `brole_menu` */

insert  into `brole_menu`(`id`,`role_id`,`menu_id`) values ('001','root','toilet_main'),('002','root','toilet_main_1'),('003','root','toilet_main_2'),('004','root','menu002'),('005','user01','menu01'),('006','user01','menu001'),('007','root','toilet_main_3'),('008','root','man_main'),('009','root','man_main_1'),('010','root','man_main_2'),('011','root','man_main_3'),('012','root','complaint_main'),('013','root','facilities_main'),('014','root','patrol_main'),('015','root','facilities_main_1'),('016','root','facilities_main_2'),('017','root','facilities_main_3');

/*Table structure for table `brole_user` */

DROP TABLE IF EXISTS `brole_user`;

CREATE TABLE `brole_user` (
  `id` varchar(36) NOT NULL,
  `user_id` varchar(36) NOT NULL,
  `role_id` varchar(36) NOT NULL,
  PRIMARY KEY (`id`)
) ENGINE=InnoDB DEFAULT CHARSET=gbk;

/*Data for the table `brole_user` */

insert  into `brole_user`(`id`,`user_id`,`role_id`) values ('ruser001','admin001','root');

/*Table structure for table `btgroup` */

DROP TABLE IF EXISTS `btgroup`;

CREATE TABLE `btgroup` (
  `id` varchar(36) NOT NULL COMMENT '厕所分组表',
  `name` varchar(36) NOT NULL,
  `parentid` varchar(36) NOT NULL,
  `isparent` int(1) DEFAULT NULL,
  PRIMARY KEY (`id`)
) ENGINE=InnoDB DEFAULT CHARSET=gbk;

/*Data for the table `btgroup` */

insert  into `btgroup`(`id`,`name`,`parentid`,`isparent`) values ('1517897472898106','临安区','-1',1),('1517899072684131','青山湖街道','1517897472898106',0),('1517899149141231','余杭区','-1',1),('1517899185990559','锦北街道','1517897472898106',0),('1517899193760187','锦南街道','1517897472898106',0),('1517899211256857','锦城街道','1517897472898106',0),('1517899224088797','玲珑街道','1517897472898106',0);

/*Table structure for table `btoilet` */

DROP TABLE IF EXISTS `btoilet`;

CREATE TABLE `btoilet` (
  `id` varchar(36) NOT NULL,
  `name` varchar(36) NOT NULL,
  `property` varchar(36) NOT NULL COMMENT '产权单位',
  `build` varchar(36) NOT NULL COMMENT '建筑面积',
  `score` int(1) NOT NULL COMMENT '星级(1,2,3,4,5)(差，较差，普通，较好，好)',
  `lat` decimal(10,6) NOT NULL COMMENT '经度',
  `lng` decimal(10,6) NOT NULL COMMENT '维度',
  `address` varchar(500) NOT NULL,
  `category` varchar(36) NOT NULL COMMENT '公厕类别',
  `admin` varchar(32) NOT NULL COMMENT '管理员',
  `groupid` varchar(36) DEFAULT NULL COMMENT '所属分组',
  `image` varchar(500) NOT NULL COMMENT '图片地址',
  `phone` varchar(16) NOT NULL COMMENT '电话',
  `createtime` datetime NOT NULL,
  `updatetime` datetime NOT NULL,
  `custody` varchar(36) DEFAULT NULL COMMENT '管养单位',
  `status` int(2) DEFAULT '1',
  PRIMARY KEY (`id`,`phone`)
) ENGINE=InnoDB DEFAULT CHARSET=gbk;

/*Data for the table `btoilet` */

insert  into `btoilet`(`id`,`name`,`property`,`build`,`score`,`lat`,`lng`,`address`,`category`,`admin`,`groupid`,`image`,`phone`,`createtime`,`updatetime`,`custody`,`status`) values ('1517972101122820','厕所一组','撒地方','4.4',4,'22.564500','113.971200','广东省深圳市南山区梦溪道2号,距龙井第二工业区-18栋49米','城区公厕','admin','1517899224088797','http://118.178.253.131/images/toiletPic/1517971951126055.jpg','0571-15145654845','2018-02-07 10:55:01','2018-02-22 16:09:29','撒地方',1),('1517972195902724','厕所二组','撒地方','4.4',5,'22.564500','113.971200','广东省深圳市南山区梦溪道2号,距龙井第二工业区-18栋49米','城区公厕','admin','1517899185990559','http://118.178.253.131/images/toiletPic/1517971951126055.jpg','0571-15145654845','2018-02-07 10:56:35','2018-02-07 10:56:35','撒地方',1),('1517972838499681','厕所11组1','产权单位0001','4.4',5,'22.564700','113.971300','广东省深圳市南山区梦溪道2号,距南汾大厦46米','城区公厕','admin','1517899224088797','http://118.178.253.131/images/toiletPic/1517972833804444.png','0571-6665255555','2018-02-07 11:07:18','2018-02-22 16:09:05','打撒',0),('1518142918120636','马溪公厕','临安市市容环境卫生管理处','30',5,'30.250126','119.719421','临安市市容环境卫生管理处马溪公厕','城区公厕','admin','1517899185990559','','0571-63739111','2018-02-09 10:21:58','2018-02-22 15:01:03','临安市市容环境卫生管理处',1),('1518415177520936','浙江钱王物业服务有限公司','浙江钱王物业服务有限公司','30',5,'30.247938','119.707525','杭州市临安区武肃街1352号','城区公厕','admin','1517899185990559','http://118.178.253.131/images/toiletPic/1518415064916669.jpg','0571-15176365896','2018-02-12 13:59:37','2018-02-23 13:14:59','浙江钱王物业服务有限公司',1);

/*Table structure for table `btoilet_address` */

DROP TABLE IF EXISTS `btoilet_address`;

CREATE TABLE `btoilet_address` (
  `id` bigint(20) NOT NULL AUTO_INCREMENT,
  `lng` decimal(10,6) DEFAULT NULL,
  `lat` decimal(10,6) DEFAULT NULL,
  `address` varchar(500) DEFAULT NULL,
  `ts` char(14) DEFAULT NULL,
  PRIMARY KEY (`id`)
) ENGINE=InnoDB AUTO_INCREMENT=2 DEFAULT CHARSET=gbk;

/*Data for the table `btoilet_address` */

insert  into `btoilet_address`(`id`,`lng`,`lat`,`address`,`ts`) values (1,'119.730398','30.232909','杭州临安城中街888号，距春天华府50米。',NULL);

/*Table structure for table `buser` */

DROP TABLE IF EXISTS `buser`;

CREATE TABLE `buser` (
  `id` varchar(36) NOT NULL,
  `name` varchar(64) NOT NULL,
  `password` varchar(64) NOT NULL,
  `status` int(4) NOT NULL,
  `login_count` int(11) NOT NULL DEFAULT '0',
  `last_login_time` datetime DEFAULT NULL,
  `last_login_ip` varchar(32) DEFAULT NULL,
  `create_time` datetime NOT NULL,
  `modify_time` datetime DEFAULT NULL,
  `remark` varchar(1000) DEFAULT NULL COMMENT '备注',
  `wxid` varchar(64) DEFAULT NULL COMMENT '微信ID',
  PRIMARY KEY (`id`)
) ENGINE=InnoDB DEFAULT CHARSET=gbk;

/*Data for the table `buser` */

insert  into `buser`(`id`,`name`,`password`,`status`,`login_count`,`last_login_time`,`last_login_ip`,`create_time`,`modify_time`,`remark`,`wxid`) values ('admin','admin','123456',1,0,NULL,NULL,'2018-03-29 15:20:07',NULL,NULL,NULL),('admin001','admin','e10adc3949ba59abbe56e057f20f883e21232f297a57a5a743894a0e4a801fc3',1,0,'2018-01-31 09:03:18','127001','2018-01-31 09:04:14',NULL,NULL,NULL),('admin002','admin002','e10adc3949ba59abbe56e057f20f883e21232f297a57a5a743894a0e4a801fc3',1,0,'2018-01-31 09:03:18','127001','2018-01-31 09:04:14',NULL,NULL,NULL);

/*Table structure for table `buser_login_log` */

DROP TABLE IF EXISTS `buser_login_log`;

CREATE TABLE `buser_login_log` (
  `id` bigint(20) NOT NULL AUTO_INCREMENT,
  `userid` varchar(64) NOT NULL,
  `ip` varchar(16) NOT NULL,
  `message` varchar(64) NOT NULL,
  `ts` char(14) NOT NULL,
  PRIMARY KEY (`id`)
) ENGINE=InnoDB AUTO_INCREMENT=508 DEFAULT CHARSET=gbk;

/*Data for the table `buser_login_log` */

insert  into `buser_login_log`(`id`,`userid`,`ip`,`message`,`ts`) values (1,'admin','192.168.1.141','验证码无效','20180131042312'),(2,'','192.168.1.141','验证码无效','20180131043015'),(3,'ADMIN','192.168.1.141','验证码无效','20180131043103'),(4,'ADMIN','192.168.1.141','账号或密码错误！','20180131043119'),(5,'admin','192.168.1.141','success','20180131043158'),(6,'admin','192.168.1.141','success','20180131043533'),(7,'admin','192.168.1.141','验证码无效','20180131043638'),(8,'admin','192.168.1.141','success','20180131043650'),(9,'admin','192.168.1.141','success','20180131043813'),(10,'admin','192.168.1.141','验证码无效','20180202020205'),(11,'admin','192.168.1.141','验证码无效','20180202020212'),(12,'admin','192.168.1.141','success','20180202020225'),(13,'admin','192.168.1.141','success','20180202020416'),(14,'admin','192.168.1.141','success','20180202021814'),(15,'admin','0:0:0:0:0:0:0:1','success','20180202022441'),(16,'admin','0:0:0:0:0:0:0:1','success','20180202022945'),(17,'admin','0:0:0:0:0:0:0:1','验证码无效','20180202024215'),(18,'admin','0:0:0:0:0:0:0:1','验证码无效','20180202024223'),(19,'admin','0:0:0:0:0:0:0:1','success','20180202024230'),(20,'admin','0:0:0:0:0:0:0:1','success','20180202024801'),(21,'admin','0:0:0:0:0:0:0:1','success','20180202030151'),(22,'admin','0:0:0:0:0:0:0:1','success','20180202032000'),(23,'admin','0:0:0:0:0:0:0:1','success','20180202032238'),(24,'admin','0:0:0:0:0:0:0:1','验证码无效','20180202032523'),(25,'admin','0:0:0:0:0:0:0:1','账号或密码错误！','20180202032532'),(26,'admin','0:0:0:0:0:0:0:1','success','20180202032545'),(27,'admin','192.168.1.141','success','20180202033823'),(28,'admin','192.168.1.141','success','20180202034426'),(29,'admin','192.168.1.141','success','20180202040519'),(30,'admin','192.168.1.141','success','20180202040757'),(31,'admin','192.168.1.141','success','20180202041021'),(32,'admin','192.168.1.141','success','20180202041437'),(33,'admin','192.168.1.141','success','20180202041905'),(34,'admin','192.168.1.141','success','20180202042241'),(35,'admin','192.168.1.141','success','20180202042628'),(36,'admin','192.168.1.141','success','20180202042851'),(37,'admin','192.168.1.141','success','20180202043411'),(38,'admin','0:0:0:0:0:0:0:1','success','20180202043530'),(39,'admin','0:0:0:0:0:0:0:1','验证码无效','20180202044118'),(40,'admin','0:0:0:0:0:0:0:1','success','20180202044124'),(41,'admin','0:0:0:0:0:0:0:1','success','20180202044647'),(42,'admin','0:0:0:0:0:0:0:1','success','20180202045122'),(43,'admin','0:0:0:0:0:0:0:1','success','20180202045321'),(44,'admin','0:0:0:0:0:0:0:1','success','20180202045556'),(45,'admin','0:0:0:0:0:0:0:1','success','20180202045659'),(46,'admin','0:0:0:0:0:0:0:1','success','20180202045844'),(47,'admin','0:0:0:0:0:0:0:1','success','20180202050151'),(48,'admin','0:0:0:0:0:0:0:1','success','20180202050515'),(49,'admin','0:0:0:0:0:0:0:1','验证码无效','20180202050727'),(50,'admin','0:0:0:0:0:0:0:1','验证码无效','20180202050728'),(51,'admin','0:0:0:0:0:0:0:1','验证码无效','20180202050728'),(52,'admin','0:0:0:0:0:0:0:1','验证码无效','20180202050728'),(53,'admin','0:0:0:0:0:0:0:1','success','20180202050741'),(54,'admin','0:0:0:0:0:0:0:1','success','20180202051532'),(55,'admin','0:0:0:0:0:0:0:1','success','20180202051958'),(56,'admin','0:0:0:0:0:0:0:1','success','20180202052258'),(57,'admin','0:0:0:0:0:0:0:1','success','20180202052459'),(58,'admin','0:0:0:0:0:0:0:1','success','20180203081055'),(59,'admin','0:0:0:0:0:0:0:1','success','20180203085704'),(60,'admin','0:0:0:0:0:0:0:1','success','20180203085926'),(61,'admin','0:0:0:0:0:0:0:1','success','20180203090000'),(62,'admin','0:0:0:0:0:0:0:1','success','20180203090132'),(63,'admin','0:0:0:0:0:0:0:1','success','20180203090309'),(64,'admin','0:0:0:0:0:0:0:1','success','20180203090936'),(65,'admin','0:0:0:0:0:0:0:1','success','20180203091244'),(66,'admin','0:0:0:0:0:0:0:1','success','20180203091702'),(67,'admin','0:0:0:0:0:0:0:1','success','20180203091831'),(68,'admin','0:0:0:0:0:0:0:1','success','20180203092253'),(69,'admin','0:0:0:0:0:0:0:1','success','20180203092848'),(70,'admin','0:0:0:0:0:0:0:1','success','20180203093226'),(71,'admin','0:0:0:0:0:0:0:1','success','20180203093642'),(72,'admin','0:0:0:0:0:0:0:1','success','20180203094256'),(73,'admin','0:0:0:0:0:0:0:1','success','20180203094521'),(74,'admin','0:0:0:0:0:0:0:1','success','20180203094920'),(75,'admin','0:0:0:0:0:0:0:1','success','20180203101201'),(76,'admin','0:0:0:0:0:0:0:1','success','20180203102408'),(77,'admin','0:0:0:0:0:0:0:1','success','20180203111006'),(78,'admin','0:0:0:0:0:0:0:1','success','20180203111853'),(79,'admin','0:0:0:0:0:0:0:1','success','20180203112402'),(80,'admin','0:0:0:0:0:0:0:1','success','20180203113137'),(81,'admin','0:0:0:0:0:0:0:1','success','20180203013444'),(82,'admin','0:0:0:0:0:0:0:1','success','20180203013757'),(83,'admin','0:0:0:0:0:0:0:1','success','20180203013945'),(84,'admin','0:0:0:0:0:0:0:1','success','20180203014559'),(85,'admin','0:0:0:0:0:0:0:1','success','20180203014906'),(86,'admin','0:0:0:0:0:0:0:1','账号或密码错误！','20180203015338'),(87,'admin','0:0:0:0:0:0:0:1','success','20180203015357'),(88,'admin','0:0:0:0:0:0:0:1','success','20180203020900'),(89,'admin','0:0:0:0:0:0:0:1','账号或密码错误！','20180203021223'),(90,'admin','0:0:0:0:0:0:0:1','success','20180203021229'),(91,'admin','0:0:0:0:0:0:0:1','success','20180203021624'),(92,'admin','0:0:0:0:0:0:0:1','success','20180203022246'),(93,'admin','0:0:0:0:0:0:0:1','success','20180203030019'),(94,'admin','0:0:0:0:0:0:0:1','success','20180203030223'),(95,'admin','0:0:0:0:0:0:0:1','success','20180203031759'),(96,'admin','0:0:0:0:0:0:0:1','success','20180203033022'),(97,'admin','0:0:0:0:0:0:0:1','success','20180203033224'),(98,'admin','0:0:0:0:0:0:0:1','success','20180203033824'),(99,'admin','0:0:0:0:0:0:0:1','success','20180203034456'),(100,'admin','0:0:0:0:0:0:0:1','success','20180203035713'),(101,'admin','0:0:0:0:0:0:0:1','success','20180203041654'),(102,'admin','0:0:0:0:0:0:0:1','success','20180203042341'),(103,'admin','0:0:0:0:0:0:0:1','success','20180203042849'),(104,'admin','0:0:0:0:0:0:0:1','success','20180203043027'),(105,'admin','0:0:0:0:0:0:0:1','success','20180203043328'),(106,'admin','0:0:0:0:0:0:0:1','success','20180205081540'),(107,'admin','0:0:0:0:0:0:0:1','账号或密码错误！','20180205081853'),(108,'admin','0:0:0:0:0:0:0:1','success','20180205081859'),(109,'admin','0:0:0:0:0:0:0:1','success','20180205090348'),(110,'admin','0:0:0:0:0:0:0:1','success','20180205091348'),(111,'admin','0:0:0:0:0:0:0:1','success','20180205121023'),(112,'admin','0:0:0:0:0:0:0:1','success','20180205011927'),(113,'admin','0:0:0:0:0:0:0:1','success','20180205012151'),(114,'admin','0:0:0:0:0:0:0:1','success','20180205032611'),(115,'admin','0:0:0:0:0:0:0:1','success','20180205034428'),(116,'admin','0:0:0:0:0:0:0:1','success','20180205035145'),(117,'admin','0:0:0:0:0:0:0:1','success','20180205040437'),(118,'admin','0:0:0:0:0:0:0:1','success','20180205041137'),(119,'admin','0:0:0:0:0:0:0:1','success','20180205042005'),(120,'admin','0:0:0:0:0:0:0:1','success','20180206080722'),(121,'admin','127.0.0.1','success','20180206081148'),(122,'admin','0:0:0:0:0:0:0:1','success','20180206081350'),(123,'admin','0:0:0:0:0:0:0:1','success','20180206093750'),(124,'admin','0:0:0:0:0:0:0:1','验证码无效','20180206094050'),(125,'admin','0:0:0:0:0:0:0:1','success','20180206094058'),(126,'admin','0:0:0:0:0:0:0:1','success','20180206094325'),(127,'admin','0:0:0:0:0:0:0:1','success','20180206094625'),(128,'admin','0:0:0:0:0:0:0:1','验证码无效','20180206094844'),(129,'admin','0:0:0:0:0:0:0:1','success','20180206094851'),(130,'admin','0:0:0:0:0:0:0:1','success','20180206095050'),(131,'admin','0:0:0:0:0:0:0:1','success','20180206095946'),(132,'admin','0:0:0:0:0:0:0:1','success','20180206100236'),(133,'admin','0:0:0:0:0:0:0:1','success','20180206102131'),(134,'admin','0:0:0:0:0:0:0:1','success','20180206103425'),(135,'admin','0:0:0:0:0:0:0:1','success','20180206104526'),(136,'admin','0:0:0:0:0:0:0:1','success','20180206104909'),(137,'admin','0:0:0:0:0:0:0:1','success','20180206105223'),(138,'admin','0:0:0:0:0:0:0:1','success','20180206013252'),(139,'admin','0:0:0:0:0:0:0:1','success','20180206020235'),(140,'admin','0:0:0:0:0:0:0:1','success','20180206021048'),(141,'admin','0:0:0:0:0:0:0:1','验证码无效','20180206022455'),(142,'admin','0:0:0:0:0:0:0:1','success','20180206022504'),(143,'admin','0:0:0:0:0:0:0:1','success','20180206022753'),(144,'admin','0:0:0:0:0:0:0:1','success','20180206023006'),(145,'admin','0:0:0:0:0:0:0:1','success','20180206023427'),(146,'admin','0:0:0:0:0:0:0:1','success','20180206023719'),(147,'admin','0:0:0:0:0:0:0:1','success','20180206024948'),(148,'admin','0:0:0:0:0:0:0:1','success','20180206034019'),(149,'admin','0:0:0:0:0:0:0:1','验证码无效','20180206040617'),(150,'admin','0:0:0:0:0:0:0:1','success','20180206040629'),(151,'admin','0:0:0:0:0:0:0:1','success','20180206040728'),(152,'admin','0:0:0:0:0:0:0:1','success','20180206041318'),(153,'admin','0:0:0:0:0:0:0:1','success','20180206042705'),(154,'admin','0:0:0:0:0:0:0:1','success','20180206042936'),(155,'admin','0:0:0:0:0:0:0:1','success','20180206043345'),(156,'admin','0:0:0:0:0:0:0:1','success','20180206043646'),(157,'admin','0:0:0:0:0:0:0:1','success','20180206043918'),(158,'admin','0:0:0:0:0:0:0:1','success','20180206045829'),(159,'admin','0:0:0:0:0:0:0:1','success','20180207081907'),(160,'admin','0:0:0:0:0:0:0:1','success','20180207082950'),(161,'admin','0:0:0:0:0:0:0:1','success','20180207084037'),(162,'admin','127.0.0.1','success','20180207084602'),(163,'admin','0:0:0:0:0:0:0:1','success','20180207084634'),(164,'admin','127.0.0.1','success','20180207085043'),(165,'admin','0:0:0:0:0:0:0:1','success','20180207085109'),(166,'admin','0:0:0:0:0:0:0:1','success','20180207085423'),(167,'admin','127.0.0.1','success','20180207085459'),(168,'admin','127.0.0.1','success','20180207085742'),(169,'admin','127.0.0.1','success','20180207090504'),(170,'admin','0:0:0:0:0:0:0:1','验证码无效','20180207090955'),(171,'admin','0:0:0:0:0:0:0:1','success','20180207091001'),(172,'admin','0:0:0:0:0:0:0:1','success','20180207093502'),(173,'admin','0:0:0:0:0:0:0:1','验证码无效','20180207093854'),(174,'admin','0:0:0:0:0:0:0:1','success','20180207093858'),(175,'admin','127.0.0.1','验证码无效','20180207094203'),(176,'admin','127.0.0.1','success','20180207094211'),(177,'admin','127.0.0.1','success','20180207094437'),(178,'admin','127.0.0.1','success','20180207095206'),(179,'admin','127.0.0.1','success','20180207100515'),(180,'admin','0:0:0:0:0:0:0:1','success','20180207101106'),(181,'admin','127.0.0.1','success','20180207101419'),(182,'admin','0:0:0:0:0:0:0:1','success','20180207101632'),(183,'admin','127.0.0.1','success','20180207101926'),(184,'admin','127.0.0.1','success','20180207102149'),(185,'admin','127.0.0.1','验证码无效','20180207102330'),(186,'admin','127.0.0.1','success','20180207102334'),(187,'admin','127.0.0.1','success','20180207102401'),(188,'admin','0:0:0:0:0:0:0:1','验证码无效','20180207102512'),(189,'admin','0:0:0:0:0:0:0:1','success','20180207102518'),(190,'admin','127.0.0.1','success','20180207102647'),(191,'admin','0:0:0:0:0:0:0:1','验证码无效','20180207102723'),(192,'admin','0:0:0:0:0:0:0:1','success','20180207102730'),(193,'admin','127.0.0.1','success','20180207102850'),(194,'admin','127.0.0.1','success','20180207103234'),(195,'admin','127.0.0.1','success','20180207103403'),(196,'admin','0:0:0:0:0:0:0:1','success','20180207103844'),(197,'admin','127.0.0.1','success','20180207104151'),(198,'admin','127.0.0.1','success','20180207104812'),(199,'admin','127.0.0.1','success','20180207105129'),(200,'admin','127.0.0.1','验证码无效','20180207110549'),(201,'admin','127.0.0.1','success','20180207110554'),(202,'admin','127.0.0.1','success','20180207121345'),(203,'admin','127.0.0.1','success','20180207121757'),(204,'admin','0:0:0:0:0:0:0:1','success','20180207121941'),(205,'admin','0:0:0:0:0:0:0:1','success','20180207122034'),(206,'admin','0:0:0:0:0:0:0:1','success','20180207122337'),(207,'admin','0:0:0:0:0:0:0:1','success','20180207122606'),(208,'admin','0:0:0:0:0:0:0:1','success','20180207122743'),(209,'admin','0:0:0:0:0:0:0:1','验证码无效','20180207123134'),(210,'admin','0:0:0:0:0:0:0:1','success','20180207123138'),(211,'admin','127.0.0.1','success','20180207012426'),(212,'admin','0:0:0:0:0:0:0:1','success','20180207012851'),(213,'admin','0:0:0:0:0:0:0:1','success','20180207013014'),(214,'admin','0:0:0:0:0:0:0:1','验证码无效','20180207013251'),(215,'admin','0:0:0:0:0:0:0:1','success','20180207013257'),(216,'admin','127.0.0.1','success','20180207013428'),(217,'admin','0:0:0:0:0:0:0:1','success','20180207013528'),(218,'admin','0:0:0:0:0:0:0:1','success','20180207015116'),(219,'admin','0:0:0:0:0:0:0:1','success','20180207015259'),(220,'admin','0:0:0:0:0:0:0:1','success','20180207015947'),(221,'admin','0:0:0:0:0:0:0:1','success','20180207024851'),(222,'admin','0:0:0:0:0:0:0:1','success','20180207031611'),(223,'admin','0:0:0:0:0:0:0:1','验证码无效','20180207032440'),(224,'admin','0:0:0:0:0:0:0:1','验证码无效','20180207032444'),(225,'admin','0:0:0:0:0:0:0:1','验证码无效','20180207032506'),(226,'admin','0:0:0:0:0:0:0:1','验证码无效','20180207032647'),(227,'admin','0:0:0:0:0:0:0:1','success','20180207032652'),(228,'admin','0:0:0:0:0:0:0:1','success','20180207032754'),(229,'admin','0:0:0:0:0:0:0:1','验证码无效','20180207032850'),(230,'admin','0:0:0:0:0:0:0:1','success','20180207032857'),(231,'admin','0:0:0:0:0:0:0:1','success','20180207033508'),(232,'admin','0:0:0:0:0:0:0:1','success','20180207034120'),(233,'admin','0:0:0:0:0:0:0:1','验证码无效','20180207034417'),(234,'admin','0:0:0:0:0:0:0:1','success','20180207034423'),(235,'admin','0:0:0:0:0:0:0:1','success','20180207041621'),(236,'admin','0:0:0:0:0:0:0:1','success','20180207041918'),(237,'admin','0:0:0:0:0:0:0:1','success','20180207044023'),(238,'admin','0:0:0:0:0:0:0:1','验证码无效','20180207044238'),(239,'admin','0:0:0:0:0:0:0:1','success','20180207044244'),(240,'admin','0:0:0:0:0:0:0:1','success','20180207044549'),(241,'admin','0:0:0:0:0:0:0:1','success','20180207044741'),(242,'admin','0:0:0:0:0:0:0:1','success','20180207045017'),(243,'admin','0:0:0:0:0:0:0:1','验证码无效','20180208080934'),(244,'admin','0:0:0:0:0:0:0:1','账号或密码错误！','20180208080939'),(245,'admin','0:0:0:0:0:0:0:1','success','20180208080949'),(246,'admin','0:0:0:0:0:0:0:1','验证码无效','20180208085527'),(247,'admin','0:0:0:0:0:0:0:1','验证码无效','20180208085532'),(248,'admin','0:0:0:0:0:0:0:1','success','20180208085538'),(249,'admin','0:0:0:0:0:0:0:1','验证码无效','20180208085809'),(250,'admin','0:0:0:0:0:0:0:1','success','20180208085815'),(251,'admin','0:0:0:0:0:0:0:1','success','20180208090336'),(252,'admin','0:0:0:0:0:0:0:1','success','20180208093039'),(253,'admin','0:0:0:0:0:0:0:1','success','20180208094554'),(254,'admin','0:0:0:0:0:0:0:1','success','20180208094820'),(255,'admin','0:0:0:0:0:0:0:1','账号或密码错误！','20180208100650'),(256,'admin','0:0:0:0:0:0:0:1','success','20180208100655'),(257,'admin','0:0:0:0:0:0:0:1','success','20180208101721'),(258,'admin','0:0:0:0:0:0:0:1','验证码无效','20180208102248'),(259,'admin','0:0:0:0:0:0:0:1','success','20180208102259'),(260,'admin','0:0:0:0:0:0:0:1','success','20180208102621'),(261,'admin','0:0:0:0:0:0:0:1','success','20180208102741'),(262,'admin','0:0:0:0:0:0:0:1','success','20180208103133'),(263,'admin','0:0:0:0:0:0:0:1','success','20180208103649'),(264,'admin','0:0:0:0:0:0:0:1','验证码无效','20180208103746'),(265,'admin','0:0:0:0:0:0:0:1','success','20180208103752'),(266,'admin','0:0:0:0:0:0:0:1','success','20180208104037'),(267,'admin','127.0.0.1','success','20180208104716'),(268,'admin','0:0:0:0:0:0:0:1','success','20180208105515'),(269,'admin','0:0:0:0:0:0:0:1','success','20180208105833'),(270,'admin','0:0:0:0:0:0:0:1','success','20180208110619'),(271,'admin','0:0:0:0:0:0:0:1','success','20180208110710'),(272,'admin','0:0:0:0:0:0:0:1','success','20180208111040'),(273,'admin','0:0:0:0:0:0:0:1','success','20180208111302'),(274,'admin','0:0:0:0:0:0:0:1','success','20180208111606'),(275,'admin','0:0:0:0:0:0:0:1','验证码无效','20180208121412'),(276,'admin','0:0:0:0:0:0:0:1','success','20180208121419'),(277,'admin','0:0:0:0:0:0:0:1','验证码无效','20180208124249'),(278,'admin','0:0:0:0:0:0:0:1','success','20180208124256'),(279,'admin','0:0:0:0:0:0:0:1','success','20180208124617'),(280,'admin','0:0:0:0:0:0:0:1','success','20180208124847'),(281,'admin','0:0:0:0:0:0:0:1','success','20180208125120'),(282,'admin','0:0:0:0:0:0:0:1','success','20180208125341'),(283,'admin','0:0:0:0:0:0:0:1','验证码无效','20180208125546'),(284,'admin','0:0:0:0:0:0:0:1','success','20180208125551'),(285,'admin','0:0:0:0:0:0:0:1','success','20180208023549'),(286,'admin','0:0:0:0:0:0:0:1','success','20180208023821'),(287,'admin','0:0:0:0:0:0:0:1','success','20180208024404'),(288,'admin','0:0:0:0:0:0:0:1','success','20180208024953'),(289,'admin','0:0:0:0:0:0:0:1','success','20180208033609'),(290,'admin','0:0:0:0:0:0:0:1','success','20180208044130'),(291,'admin','0:0:0:0:0:0:0:1','账号或密码错误！','20180209081429'),(292,'admin','0:0:0:0:0:0:0:1','success','20180209081438'),(293,'admin','192.168.1.143','success','20180209081932'),(294,'admin','192.168.1.143','success','20180209082044'),(295,'admin','192.168.1.143','success','20180209085705'),(296,'admin','192.168.1.143','success','20180209085916'),(297,'admin','0:0:0:0:0:0:0:1','success','20180209094443'),(298,'admin','0:0:0:0:0:0:0:1','success','20180209094811'),(299,'admin','192.168.1.143','success','20180209100049'),(300,'admin','192.168.1.143','success','20180209101044'),(301,'admin','0:0:0:0:0:0:0:1','success','20180209101129'),(302,'admin','0:0:0:0:0:0:0:1','success','20180209101536'),(303,'admin','0:0:0:0:0:0:0:1','success','20180209101816'),(304,'admin','192.168.1.143','success','20180209101923'),(305,'admin','0:0:0:0:0:0:0:1','success','20180209102303'),(306,'admin','0:0:0:0:0:0:0:1','success','20180209102352'),(307,'admin','192.168.1.143','success','20180209102522'),(308,'admin','0:0:0:0:0:0:0:1','success','20180209103133'),(309,'admin','0:0:0:0:0:0:0:1','success','20180209105550'),(310,'admin','0:0:0:0:0:0:0:1','success','20180209112249'),(311,'admin','0:0:0:0:0:0:0:1','success','20180209113012'),(312,'admin','0:0:0:0:0:0:0:1','success','20180209121955'),(313,'admin','0:0:0:0:0:0:0:1','success','20180209123404'),(314,'admin','0:0:0:0:0:0:0:1','验证码无效','20180209013412'),(315,'admin','0:0:0:0:0:0:0:1','success','20180209013421'),(316,'admin','192.168.1.143','success','20180209013544'),(317,'admin','127.0.0.1','success','20180209014024'),(318,'admin','0:0:0:0:0:0:0:1','success','20180209024237'),(319,'admin','0:0:0:0:0:0:0:1','success','20180209025447'),(320,'admin','0:0:0:0:0:0:0:1','验证码无效','20180209030035'),(321,'admin','0:0:0:0:0:0:0:1','success','20180209030040'),(322,'admin','0:0:0:0:0:0:0:1','success','20180209033808'),(323,'admin','0:0:0:0:0:0:0:1','success','20180209034208'),(324,'admin','0:0:0:0:0:0:0:1','success','20180209034526'),(325,'admin','0:0:0:0:0:0:0:1','success','20180209034754'),(326,'admin','0:0:0:0:0:0:0:1','success','20180209035329'),(327,'admin','0:0:0:0:0:0:0:1','success','20180209035627'),(328,'admin','127.0.0.1','success','20180209041611'),(329,'admin','127.0.0.1','success','20180209042655'),(330,'admin','0:0:0:0:0:0:0:1','验证码无效','20180209042847'),(331,'admin','0:0:0:0:0:0:0:1','success','20180209042852'),(332,'admin','0:0:0:0:0:0:0:1','success','20180209043044'),(333,'admin','0:0:0:0:0:0:0:1','success','20180209043248'),(334,'admin','127.0.0.1','success','20180209043553'),(335,'admin','0:0:0:0:0:0:0:1','success','20180209044019'),(336,'admin','0:0:0:0:0:0:0:1','验证码无效','20180209044236'),(337,'admin','0:0:0:0:0:0:0:1','验证码无效','20180209044242'),(338,'admin','0:0:0:0:0:0:0:1','success','20180209044247'),(339,'admin','0:0:0:0:0:0:0:1','success','20180209044651'),(340,'admin','127.0.0.1','success','20180209044729'),(341,'admin','0:0:0:0:0:0:0:1','验证码无效','20180209044927'),(342,'admin','0:0:0:0:0:0:0:1','success','20180209044930'),(343,'admin','127.0.0.1','success','20180209045025'),(344,'admin','0:0:0:0:0:0:0:1','success','20180209050953'),(345,'admin','0:0:0:0:0:0:0:1','success','20180211081402'),(346,'admin','0:0:0:0:0:0:0:1','success','20180211085417'),(347,'admin','192.168.1.143','success','20180211090005'),(348,'admin','192.168.1.143','success','20180211090336'),(349,'admin','127.0.0.1','success','20180211091044'),(350,'admin','0:0:0:0:0:0:0:1','success','20180211101433'),(351,'admin','0:0:0:0:0:0:0:1','success','20180211110035'),(352,'admin','0:0:0:0:0:0:0:1','success','20180211111114'),(353,'admin','127.0.0.1','验证码无效','20180211111355'),(354,'admin','127.0.0.1','success','20180211111419'),(355,'admin','127.0.0.1','success','20180211111647'),(356,'admin','127.0.0.1','success','20180211111821'),(357,'admin','127.0.0.1','验证码无效','20180211111940'),(358,'admin','127.0.0.1','success','20180211111944'),(359,'admin','127.0.0.1','success','20180211112043'),(360,'admin','127.0.0.1','验证码无效','20180211112247'),(361,'admin','127.0.0.1','success','20180211112255'),(362,'admin','127.0.0.1','success','20180211112335'),(363,'admin','127.0.0.1','success','20180211112722'),(364,'admin','127.0.0.1','success','20180211013842'),(365,'admin','127.0.0.1','验证码无效','20180211014310'),(366,'admin','127.0.0.1','success','20180211014317'),(367,'admin','127.0.0.1','success','20180211020017'),(368,'admin','127.0.0.1','success','20180211020544'),(369,'admin','127.0.0.1','验证码无效','20180211024212'),(370,'admin','127.0.0.1','success','20180211024221'),(371,'admin','127.0.0.1','success','20180211024843'),(372,'admin','127.0.0.1','验证码无效','20180211025632'),(373,'admin','127.0.0.1','success','20180211025647'),(374,'admin','127.0.0.1','验证码无效','20180211025836'),(375,'admin','127.0.0.1','success','20180211025843'),(376,'admin','0:0:0:0:0:0:0:1','success','20180211030023'),(377,'admin','0:0:0:0:0:0:0:1','验证码无效','20180211032253'),(378,'admin','0:0:0:0:0:0:0:1','success','20180211032259'),(379,'admin','0:0:0:0:0:0:0:1','success','20180211032511'),(380,'admin','0:0:0:0:0:0:0:1','success','20180211033146'),(381,'admin','0:0:0:0:0:0:0:1','success','20180211033341'),(382,'admin','0:0:0:0:0:0:0:1','success','20180211033710'),(383,'admin','0:0:0:0:0:0:0:1','success','20180211033946'),(384,'admin','127.0.0.1','success','20180211034212'),(385,'admin','127.0.0.1','success','20180211034406'),(386,'admin','127.0.0.1','success','20180211034541'),(387,'admin','127.0.0.1','success','20180211034833'),(388,'admin','127.0.0.1','success','20180211035341'),(389,'admin','127.0.0.1','success','20180211035822'),(390,'admin','127.0.0.1','success','20180211040827'),(391,'admin','127.0.0.1','success','20180211040953'),(392,'admin','0:0:0:0:0:0:0:1','success','20180211042251'),(393,'admin','127.0.0.1','success','20180211042419'),(394,'admin','0:0:0:0:0:0:0:1','success','20180211042602'),(395,'admin','127.0.0.1','success','20180211042704'),(396,'admin','0:0:0:0:0:0:0:1','success','20180211043034'),(397,'admin','0:0:0:0:0:0:0:1','账号或密码错误！','20180211043113'),(398,'admin','0:0:0:0:0:0:0:1','success','20180211043118'),(399,'admin','127.0.0.1','success','20180211043231'),(400,'admin','127.0.0.1','success','20180211043315'),(401,'admin','127.0.0.1','success','20180211043352'),(402,'admin','127.0.0.1','success','20180211043710'),(403,'admin','127.0.0.1','success','20180211043854'),(404,'admin','127.0.0.1','success','20180211043948'),(405,'admin','0:0:0:0:0:0:0:1','success','20180211044049'),(406,'admin','0:0:0:0:0:0:0:1','success','20180212093631'),(407,'admin','0:0:0:0:0:0:0:1','success','20180212101808'),(408,'admin','0:0:0:0:0:0:0:1','验证码无效','20180212102117'),(409,'admin','0:0:0:0:0:0:0:1','success','20180212102124'),(410,'admin','0:0:0:0:0:0:0:1','success','20180212102751'),(411,'admin','0:0:0:0:0:0:0:1','success','20180212103529'),(412,'admin','0:0:0:0:0:0:0:1','success','20180212105101'),(413,'admin','0:0:0:0:0:0:0:1','success','20180212110541'),(414,'admin','0:0:0:0:0:0:0:1','验证码无效','20180212110648'),(415,'admin','0:0:0:0:0:0:0:1','success','20180212111031'),(416,'admin','0:0:0:0:0:0:0:1','success','20180212111617'),(417,'admin','0:0:0:0:0:0:0:1','success','20180212112010'),(418,'admin','0:0:0:0:0:0:0:1','success','20180212112207'),(419,'admin','0:0:0:0:0:0:0:1','验证码无效','20180212015727'),(420,'admin','0:0:0:0:0:0:0:1','success','20180212015735'),(421,'admin','0:0:0:0:0:0:0:1','success','20180212020903'),(422,'admin','0:0:0:0:0:0:0:1','success','20180212022831'),(423,'admin','0:0:0:0:0:0:0:1','success','20180212023312'),(424,'admin','0:0:0:0:0:0:0:1','success','20180212023408'),(425,'admin','0:0:0:0:0:0:0:1','success','20180212023703'),(426,'admin','0:0:0:0:0:0:0:1','success','20180212024011'),(427,'admin','0:0:0:0:0:0:0:1','success','20180212024620'),(428,'admin','0:0:0:0:0:0:0:1','success','20180212025113'),(429,'admin','0:0:0:0:0:0:0:1','success','20180212025214'),(430,'admin','0:0:0:0:0:0:0:1','验证码无效','20180212025710'),(431,'admin','0:0:0:0:0:0:0:1','success','20180212025718'),(432,'admin','0:0:0:0:0:0:0:1','success','20180212030235'),(433,'admin','0:0:0:0:0:0:0:1','success','20180212030326'),(434,'admin','0:0:0:0:0:0:0:1','success','20180212031010'),(435,'admin','0:0:0:0:0:0:0:1','success','20180212031333'),(436,'admin','0:0:0:0:0:0:0:1','success','20180212031603'),(437,'admin','0:0:0:0:0:0:0:1','验证码无效','20180212032541'),(438,'admin','0:0:0:0:0:0:0:1','success','20180212032544'),(439,'admin','0:0:0:0:0:0:0:1','success','20180212033208'),(440,'admin','0:0:0:0:0:0:0:1','success','20180212033318'),(441,'admin','0:0:0:0:0:0:0:1','success','20180212033507'),(442,'admin','0:0:0:0:0:0:0:1','success','20180212033714'),(443,'admin','0:0:0:0:0:0:0:1','success','20180212034111'),(444,'admin','0:0:0:0:0:0:0:1','success','20180212034608'),(445,'admin','0:0:0:0:0:0:0:1','success','20180212034719'),(446,'admin','0:0:0:0:0:0:0:1','success','20180212035042'),(447,'admin','0:0:0:0:0:0:0:1','success','20180212035237'),(448,'admin','0:0:0:0:0:0:0:1','success','20180212035415'),(449,'admin','0:0:0:0:0:0:0:1','success','20180212044202'),(450,'admin','0:0:0:0:0:0:0:1','success','20180213084502'),(451,'admin','0:0:0:0:0:0:0:1','success','20180213084736'),(452,'admin','0:0:0:0:0:0:0:1','success','20180213092122'),(453,'admin','0:0:0:0:0:0:0:1','success','20180213110106'),(454,'admin','0:0:0:0:0:0:0:1','success','20180222081822'),(455,'admin','0:0:0:0:0:0:0:1','账号或密码错误！','20180222091849'),(456,'admin','0:0:0:0:0:0:0:1','success','20180222091854'),(457,'admin','0:0:0:0:0:0:0:1','success','20180222092602'),(458,'admin','0:0:0:0:0:0:0:1','验证码无效','20180222095142'),(459,'admin','0:0:0:0:0:0:0:1','success','20180222095148'),(460,'admin','0:0:0:0:0:0:0:1','success','20180222101825'),(461,'admin','0:0:0:0:0:0:0:1','success','20180222105253'),(462,'admin','192.168.1.143','success','20180222112918'),(463,'admin','0:0:0:0:0:0:0:1','success','20180222124748'),(464,'admin','0:0:0:0:0:0:0:1','success','20180222014002'),(465,'admin','192.168.1.143','success','20180222020908'),(466,'admin','192.168.1.143','success','20180222021621'),(467,'admin','0:0:0:0:0:0:0:1','success','20180222021811'),(468,'admin','192.168.1.143','验证码无效','20180222023305'),(469,'admin','192.168.1.143','success','20180222023418'),(470,'admin','0:0:0:0:0:0:0:1','success','20180222023725'),(471,'admin','192.168.1.143','success','20180222023810'),(472,'admin','192.168.1.143','success','20180222024937'),(473,'admin','0:0:0:0:0:0:0:1','success','20180222030528'),(474,'admin','0:0:0:0:0:0:0:1','success','20180222030837'),(475,'admin','0:0:0:0:0:0:0:1','success','20180222031110'),(476,'admin','192.168.1.143','验证码无效','20180222032055'),(477,'admin','192.168.1.143','验证码无效','20180222032057'),(478,'admin','192.168.1.143','success','20180222032103'),(479,'admin','0:0:0:0:0:0:0:1','success','20180222032707'),(480,'admin','0:0:0:0:0:0:0:1','success','20180222033139'),(481,'admin','192.168.1.143','success','20180222034649'),(482,'admin','0:0:0:0:0:0:0:1','success','20180222040046'),(483,'admin','0:0:0:0:0:0:0:1','success','20180222040822'),(484,'admin','0:0:0:0:0:0:0:1','success','20180222044521'),(485,'admin','0:0:0:0:0:0:0:1','success','20180222044925'),(486,'admin','0:0:0:0:0:0:0:1','success','20180222050620'),(487,'admin','0:0:0:0:0:0:0:1','success','20180223081613'),(488,'admin','0:0:0:0:0:0:0:1','success','20180223081718'),(489,'admin','0:0:0:0:0:0:0:1','success','20180223081753'),(490,'admin','192.168.1.143','success','20180223083350'),(491,'admin','0:0:0:0:0:0:0:1','success','20180223083425'),(492,'admin','192.168.1.143','success','20180223084230'),(493,'admin','192.168.1.143','success','20180223094353'),(494,'admin','0:0:0:0:0:0:0:1','success','20180223094631'),(495,'admin','192.168.1.143','success','20180223094727'),(496,'admin','0:0:0:0:0:0:0:1','success','20180223095337'),(497,'admin','0:0:0:0:0:0:0:1','success','20180223101042'),(498,'admin','192.168.1.143','success','20180223102739'),(499,'admin','192.168.1.143','success','20180223111539'),(500,'admin','192.168.1.143','success','20180223111627'),(501,'admin','0:0:0:0:0:0:0:1','success','20180223111729'),(502,'admin','0:0:0:0:0:0:0:1','success','20180223123118'),(503,'admin','127.0.0.1','success','20180223125641'),(504,'admin','127.0.0.1','success','20180223010426'),(505,'admin','127.0.0.1','success','20180223011218'),(506,'admin','127.0.0.1','success','20180223012022'),(507,'admin','127.0.0.1','success','20180223012854');

/*Table structure for table `girl` */

DROP TABLE IF EXISTS `girl`;

CREATE TABLE `girl` (
  `id` int(11) NOT NULL AUTO_INCREMENT,
  `age` int(11) DEFAULT NULL,
  `size_cup` varchar(1) DEFAULT NULL,
  PRIMARY KEY (`id`)
) ENGINE=MyISAM AUTO_INCREMENT=25 DEFAULT CHARSET=gbk;

/*Data for the table `girl` */

insert  into `girl`(`id`,`age`,`size_cup`) values (16,12,NULL),(11,20,'A'),(10,20,'A'),(9,20,'A'),(13,20,'A'),(14,20,'A'),(15,200,'F'),(17,13,NULL),(18,15,'B'),(19,15,'B'),(20,151,'F'),(21,151,'F'),(22,22,'F'),(23,22,'F'),(24,221,'F');

/*Table structure for table `grole` */

DROP TABLE IF EXISTS `grole`;

CREATE TABLE `grole` (
  `id` int(11) NOT NULL AUTO_INCREMENT,
  `rolename` varchar(50) NOT NULL,
  PRIMARY KEY (`id`)
) ENGINE=InnoDB AUTO_INCREMENT=3 DEFAULT CHARSET=gbk;

/*Data for the table `grole` */

insert  into `grole`(`id`,`rolename`) values (1,'权限一'),(2,'权限二');

/*Table structure for table `grole_guser` */

DROP TABLE IF EXISTS `grole_guser`;

CREATE TABLE `grole_guser` (
  `id` int(11) NOT NULL AUTO_INCREMENT,
  `groleid` int(11) NOT NULL,
  `guserid` int(11) NOT NULL,
  PRIMARY KEY (`id`)
) ENGINE=InnoDB AUTO_INCREMENT=3 DEFAULT CHARSET=gbk;

/*Data for the table `grole_guser` */

insert  into `grole_guser`(`id`,`groleid`,`guserid`) values (1,1,1),(2,2,1);

/*Table structure for table `guser` */

DROP TABLE IF EXISTS `guser`;

CREATE TABLE `guser` (
  `id` int(20) NOT NULL AUTO_INCREMENT,
  `username` varchar(128) NOT NULL,
  `password` varchar(128) NOT NULL,
  PRIMARY KEY (`id`)
) ENGINE=MyISAM AUTO_INCREMENT=2 DEFAULT CHARSET=gbk;

/*Data for the table `guser` */

insert  into `guser`(`id`,`username`,`password`) values (1,'admin','123456');

/*Table structure for table `hibernate_sequence` */

DROP TABLE IF EXISTS `hibernate_sequence`;

CREATE TABLE `hibernate_sequence` (
  `next_val` bigint(20) DEFAULT NULL
) ENGINE=MyISAM DEFAULT CHARSET=gbk;

/*Data for the table `hibernate_sequence` */

insert  into `hibernate_sequence`(`next_val`) values (87);

/*Table structure for table `medicine` */

DROP TABLE IF EXISTS `medicine`;

CREATE TABLE `medicine` (
  `id` int(11) NOT NULL AUTO_INCREMENT,
  `name` varchar(20) NOT NULL,
  `total` double NOT NULL,
  PRIMARY KEY (`id`)
) ENGINE=MyISAM AUTO_INCREMENT=5 DEFAULT CHARSET=gbk;

/*Data for the table `medicine` */

insert  into `medicine`(`id`,`name`,`total`) values (1,'云南白药',123),(2,'金钱豹',500),(3,'枸杞',581),(4,'山药',190);

/*Table structure for table `shikigame` */

DROP TABLE IF EXISTS `shikigame`;

CREATE TABLE `shikigame` (
  `id` bigint(20) NOT NULL,
  `create_time` datetime DEFAULT NULL,
  `name` varchar(255) DEFAULT NULL,
  `update_time` datetime DEFAULT NULL,
  `des` varchar(255) DEFAULT NULL,
  `get_way` varchar(255) DEFAULT NULL,
  `image` varchar(255) DEFAULT NULL,
  `level` varchar(255) DEFAULT NULL,
  `seiyou` varchar(255) DEFAULT NULL,
  `sex` varchar(255) DEFAULT NULL,
  `star` varchar(255) DEFAULT NULL,
  PRIMARY KEY (`id`)
) ENGINE=MyISAM DEFAULT CHARSET=gbk;

/*Data for the table `shikigame` */

insert  into `shikigame`(`id`,`create_time`,`name`,`update_time`,`des`,`get_way`,`image`,`level`,`seiyou`,`sex`,`star`) values (1,NULL,'匣中少女',NULL,'','抽卡、碎片合成','http://uus-ng.img.d.cn/snapshot/201706/999/image/388/388/hd/20170628104915566.jpeg','SR','小清水亚美','女','★★'),(2,NULL,'小松丸',NULL,'','抽卡、碎片','http://uus-ng.img.d.cn/snapshot/201706/999/image/388/388/hd/20170628103321193.jpeg','SR','芽野爱衣','女','★★'),(3,NULL,'以津真天',NULL,'','抽奖、碎片','http://uus-ng.img.d.cn/snapshot/201706/999/image/388/388/hd/20170628103321133.jpeg','SR','佐藤聪美','女','★★'),(4,NULL,'鸩',NULL,'','碎片、抽卡','http://uus-ng.img.d.cn/snapshot/201706/999/image/388/388/hd/20170628103321247.jpeg','SR','户松遥','女','★★'),(5,NULL,'彼岸花',NULL,'','抽卡、碎片合成','http://uus-ng.img.d.cn/snapshot/201706/999/image/388/388/hd/20170628103321038.jpeg','SSR','大原沙耶香','女','★★'),(6,NULL,'万年竹',NULL,'','神龛兑换','http://uus-ng.img.d.cn/snapshot/201704/999/image/388/388/hd/20170425111533689.jpeg','SR','立花慎之介','男','★★'),(7,NULL,'荒',NULL,'','抽卡、碎片','http://uus-ng.img.d.cn/snapshot/201704/999/image/388/388/hd/20170425110822062.jpeg','SSR','平川大辅','男','★★'),(8,NULL,'金鱼姬',NULL,'','活动、抽卡','http://uus-ng.img.d.cn/snapshot/201704/999/image/388/388/hd/20170425102028952.jpeg','SR','内田真礼','女','★★'),(9,NULL,'夜叉',NULL,'','抽卡、碎片','http://uus-ng.img.d.cn/snapshot/201702/999/image/388/388/hd/20170215123933616.jpeg','SR','小西克幸','男','★★'),(10,NULL,'烟烟罗',NULL,'','抽卡、碎片合成','http://uus-ng.img.d.cn/snapshot/201702/999/image/388/388/hd/20170215123707014.jpeg','SR','甲斐田裕子','女','★★'),(11,NULL,'辉夜姬',NULL,'','抽卡、碎片','http://uus-ng.img.d.cn/snapshot/201702/999/image/388/388/hd/20170215113029024.jpeg','SSR','竹达彩奈','女','★★'),(12,NULL,'花鸟卷',NULL,'','抽卡、碎片','http://uus-ng.img.d.cn/snapshot/201702/999/image/388/388/hd/20170215112700922.jpeg','SSR','早见沙织','女','★★'),(13,NULL,'古笼火',NULL,'','抽卡、碎片','http://uus-ng.img.d.cn/snapshot/201702/999/image/388/388/hd/20170214170613314.jpeg','R','松冈祯丞','男','★★'),(14,NULL,'黑童子',NULL,'','抽卡、碎片','http://uus-ng.img.d.cn/snapshot/201702/999/image/388/388/hd/20170214170026831.jpeg','SR','杉田智和','男','★★'),(15,NULL,'白童子',NULL,'','抽卡、碎片','http://uus-ng.img.d.cn/snapshot/201702/999/image/388/388/hd/20170214165135364.jpeg','SR','中村悠一','男','★★'),(16,NULL,'青坊主',NULL,'','抽卡、碎片','http://uus-ng.img.d.cn/snapshot/201702/999/image/388/388/hd/20170214172404430.jpeg','SR','细谷佳正','男','★★'),(17,NULL,'提灯小僧',NULL,'','抽卡，碎片','http://uus-ng.img.d.cn/snapshot/201611/999/image/388/388/hd/20161114141227302.jpeg','N','悠木碧','男','★★'),(18,NULL,'一目连',NULL,'','抽卡、碎片','http://uus-ng.img.d.cn/snapshot/201611/999/image/388/388/hd/20161111163947709.jpeg','SSR','绿川光','男','★★'),(19,NULL,'般若',NULL,'','抽卡、碎片','http://uus-ng.img.d.cn/snapshot/201611/999/image/388/388/hd/20161111163328046.jpeg','SR','梶裕贵','男','★★'),(20,NULL,'唐纸伞妖',NULL,'','抽卡，碎片','http://uus-ng.img.d.cn/snapshot/201611/999/image/388/388/hd/20161103100753671.jpeg','N','小林优','男','★★'),(21,NULL,'寄生魂',NULL,'','章节十二','http://uus-ng.img.d.cn/snapshot/201610/999/image/388/388/hd/20161014155409432.jpeg','N','无','男','★★'),(22,NULL,'帚神',NULL,'','妖气封印、章节十四','http://uus-ng.img.d.cn/snapshot/201610/999/image/388/388/hd/20161014154807857.jpeg','N','-','男','★★'),(23,NULL,'盗墓小鬼',NULL,'','抽卡、碎片','http://uus-ng.img.d.cn/snapshot/201610/999/image/388/388/hd/20161014154249087.jpeg','N','新谷真弓','男','★★'),(24,NULL,'赤舌',NULL,'','抽卡、碎片','http://uus-ng.img.d.cn/snapshot/201610/999/image/388/388/hd/20161014153630952.jpeg','N','森久保祥太郎','男','★★'),(25,NULL,'首无',NULL,'','抽卡、碎片','http://uus-ng.img.d.cn/snapshot/201610/999/image/388/388/hd/20161013132716253.jpeg','R','石川界人','男','★★'),(26,NULL,'络新妇',NULL,'','抽奖、碎片','http://uus-ng.img.d.cn/snapshot/201610/999/image/388/388/hd/20161012162340089.jpeg','SR','井上喜久子','女','★★'),(27,NULL,'樱花妖',NULL,'','抽卡、碎片','http://uus-ng.img.d.cn/snapshot/201610/999/image/388/388/hd/20161012155327721.jpeg','SR','能登麻美子','女','★★'),(28,NULL,'妖刀姬',NULL,'','抽卡、碎片','http://uus-ng.img.d.cn/snapshot/201610/999/image/388/388/hd/20161012152409709.jpeg','SSR','井泽诗织','女','★★'),(29,NULL,'清姬',NULL,'','抽卡,碎片','http://uus-ng.img.d.cn/snapshot/201609/999/image/388/388/hd/20160926104658402.jpeg','SR','行成桃姬','女','★★'),(30,NULL,'河童',NULL,'','抽卡,碎片','http://uus-ng.img.d.cn/snapshot/201609/999/image/388/388/hd/20160926104424533.jpeg','R','保志总一朗','女','★★'),(31,NULL,'鸦天狗',NULL,'','抽卡,碎片','http://uus-ng.img.d.cn/snapshot/201609/999/image/388/388/hd/20160926102711340.jpeg','R','小林优','男','★★'),(32,NULL,'食发鬼',NULL,'','抽卡,碎片','http://uus-ng.img.d.cn/snapshot/201609/999/image/388/388/hd/20160926102255825.jpeg','R','间宫康弘','男','★★'),(33,NULL,'山童',NULL,'','抽卡,碎片','http://uus-ng.img.d.cn/snapshot/201609/999/image/388/388/hd/20160926102013107.jpeg','R','保志总一朗','女','★★'),(34,NULL,'觉',NULL,'','抽卡,碎片','http://uus-ng.img.d.cn/snapshot/201609/999/image/388/388/hd/20160926101743950.jpeg','R','由加奈','女','★★'),(35,NULL,'青蛙瓷器',NULL,'','抽卡,碎片','http://uus-ng.img.d.cn/snapshot/201609/999/image/388/388/hd/20160926101422781.jpeg','R','吉野裕行','男','★★'),(36,NULL,'犬神',NULL,'','抽卡,碎片','http://uus-ng.img.d.cn/snapshot/201609/999/image/388/388/hd/20160926101100598.jpeg','SR','关俊彦','男','★★'),(37,NULL,'三尾狐',NULL,'','抽卡,碎片','http://uus-ng.img.d.cn/snapshot/201609/999/image/388/388/hd/20160926100725543.jpeg','R','泽城美雪','女','★★'),(38,NULL,'独眼小僧',NULL,'','抽卡,碎片','http://uus-ng.img.d.cn/snapshot/201609/999/image/388/388/hd/20160926095821891.jpeg','R','小林优','男','★★'),(39,NULL,'管狐',NULL,'','抽卡,碎片','http://uus-ng.img.d.cn/snapshot/201609/999/image/388/388/hd/20160926095543173.jpeg','R','松田健一郎','男','★★'),(40,NULL,'萤草',NULL,'','抽卡,碎片','http://uus-ng.img.d.cn/snapshot/201609/999/image/388/388/hd/20160926095401921.jpeg','R','诹访彩花','女','★★'),(41,NULL,'九命猫',NULL,'','抽卡,碎片','http://uus-ng.img.d.cn/snapshot/201609/999/image/388/388/hd/20160926095022134.jpeg','R','新谷真弓','女','★★'),(42,NULL,'童男',NULL,'','抽卡,碎片','http://uus-ng.img.d.cn/snapshot/201609/999/image/388/388/hd/20160926094814879.jpeg','R','井上麻里奈','男','★★★'),(43,NULL,'吸血姬',NULL,'','抽卡,碎片','http://uus-ng.img.d.cn/snapshot/201609/999/image/388/388/hd/20160926094600059.jpeg','SR','由加奈','女','★★'),(44,NULL,'惠比寿',NULL,'','抽卡,碎片','http://uus-ng.img.d.cn/snapshot/201609/999/image/388/388/hd/20160926094357103.jpeg','SR','茶风林','男','★★'),(45,NULL,'跳跳哥哥',NULL,'','抽卡,碎片','http://uus-ng.img.d.cn/snapshot/201609/999/image/388/388/hd/20160926094121029.jpeg','SR','远藤大辅','男','★★'),(46,NULL,'雪女',NULL,'','抽卡,碎片','http://uus-ng.img.d.cn/snapshot/201609/999/image/388/388/hd/20160926093300209.jpeg','SR','诹访彩花','女','★★'),(47,NULL,'茨木童子',NULL,'','抽卡,碎片','http://uus-ng.img.d.cn/snapshot/201609/999/image/388/388/hd/20160926093041921.jpeg','SSR','福山润','男','★★'),(48,NULL,'荒川之主',NULL,'','抽卡,碎片','http://uus-ng.img.d.cn/snapshot/201609/999/image/388/388/hd/20160923170213025.jpeg','SSR','子安武人','男','★★★'),(49,NULL,'酒吞童子',NULL,'','抽卡,碎片','http://uus-ng.img.d.cn/snapshot/201609/999/image/388/388/hd/20160923165754494.jpeg','SSR','阪口周平','男','★★★'),(50,NULL,'小鹿男',NULL,'','抽卡,碎片','http://uus-ng.img.d.cn/snapshot/201609/999/image/388/388/hd/20160923165614197.jpeg','SSR','川西健吾','男','★★★'),(51,NULL,'阎魔',NULL,'','抽卡,碎片','http://uus-ng.img.d.cn/snapshot/201609/999/image/388/388/hd/20160923165311983.jpeg','SSR','能登麻美子','女','★★'),(52,NULL,'山兔',NULL,'','抽卡,碎片','http://uus-ng.img.d.cn/snapshot/201609/999/image/388/388/hd/20160923165039787.jpeg','R','丰崎爱生','女','★★'),(53,NULL,'鲤鱼精',NULL,'','抽卡,碎片','http://uus-ng.img.d.cn/snapshot/201701/999/image/388/388/hd/20170119113153623.jpeg','R','悠木碧','女','★★'),(54,NULL,'白狼',NULL,'','抽卡,碎片','http://uus-ng.img.d.cn/snapshot/201609/999/image/388/388/hd/20160923163557641.jpeg','SR','桑岛法子','女','★★'),(55,NULL,'桃花妖',NULL,'','抽卡,碎片','http://uus-ng.img.d.cn/snapshot/201609/999/image/388/388/hd/20160923163207205.jpeg','SR','水树奈奈','女','★★'),(56,NULL,'妖狐',NULL,'','抽卡,碎片','http://uus-ng.img.d.cn/snapshot/201609/999/image/388/388/hd/20160920181314803.jpeg','SR','岛崎信长','男','★★'),(57,NULL,'椒图',NULL,'','抽卡,碎片','http://uus-ng.img.d.cn/snapshot/201609/999/image/388/388/hd/20160920180651005.jpeg','R','能登麻美子','女','★★'),(58,NULL,'鬼女红叶',NULL,'','抽卡,碎片','http://uus-ng.img.d.cn/snapshot/201609/999/image/388/388/hd/20160920180215320.jpeg','SR','桑岛法子','女','★★'),(59,NULL,'大天狗',NULL,'','抽卡,碎片','http://uus-ng.img.d.cn/snapshot/201609/999/image/388/388/hd/20160920175835892.jpeg','SSR','前野智昭','男','★★'),(60,NULL,'两面佛',NULL,'','抽卡,碎片','http://uus-ng.img.d.cn/snapshot/201609/999/image/388/388/hd/20160920175602498.jpeg','SSR','井上和彦','男','★★'),(61,NULL,'青行灯',NULL,'','抽卡,碎片','http://uus-ng.img.d.cn/snapshot/201609/999/image/388/388/hd/20160920175352199.jpeg','SSR','水树奈奈','女','★★'),(62,NULL,'姑获鸟',NULL,'','抽卡,碎片','http://uus-ng.img.d.cn/snapshot/201609/999/image/388/388/hd/20160920175142834.jpeg','SR','行成桃姬','女','★★'),(63,NULL,'二口女',NULL,'','抽卡,碎片','http://uus-ng.img.d.cn/snapshot/201609/999/image/388/388/hd/20160920174727153.jpeg','SR','新谷真弓','女','★★'),(64,NULL,'凤凰火',NULL,'','抽卡,碎片','http://uus-ng.img.d.cn/snapshot/201609/999/image/388/388/hd/20160920174540667.jpeg','SR','井上麻里奈','女','★★'),(65,NULL,'骨女',NULL,'','抽卡,碎片','http://uus-ng.img.d.cn/snapshot/201609/999/image/388/388/hd/20160920174232252.jpeg','SR','诹访彩花','女','★★'),(66,NULL,'鬼使白',NULL,'','抽卡,碎片','http://uus-ng.img.d.cn/snapshot/201609/999/image/388/388/hd/20160920174054507.jpeg','SR','铃村健一','男','★★'),(67,NULL,'鬼使黑',NULL,'','抽卡,碎片','http://uus-ng.img.d.cn/snapshot/201609/999/image/388/388/hd/20160920155914788.jpeg','SR','中井和哉','男','★★'),(68,NULL,'海坊主',NULL,'','抽卡,碎片','http://uus-ng.img.d.cn/snapshot/201609/999/image/388/388/hd/20160920155617178.jpeg','SR','关俊彦','男','★★'),(69,NULL,'傀儡师',NULL,'','抽卡,碎片','http://uus-ng.img.d.cn/snapshot/201609/999/image/388/388/hd/20160920155205681.jpeg','SR','能登麻美子','女','★★'),(70,NULL,'孟婆',NULL,'','抽卡,碎片','http://uus-ng.img.d.cn/snapshot/201609/999/image/388/388/hd/20160920151321465.jpeg','SR','钉宫理惠','女','★★'),(71,NULL,'判官',NULL,'','抽卡,碎片','http://uus-ng.img.d.cn/snapshot/201609/999/image/388/388/hd/20160920151047481.jpeg','SR','石田彰','男','★★'),(72,NULL,'食梦貘',NULL,'','抽卡,碎片','http://uus-ng.img.d.cn/snapshot/201609/999/image/388/388/hd/20160920150850532.jpeg','SR','西谷修一','男','★★'),(73,NULL,'妖琴师',NULL,'','抽卡,碎片','http://uus-ng.img.d.cn/snapshot/201609/999/image/388/388/hd/20160920150636794.jpeg','SR','岛崎信长','男','★★'),(74,NULL,'镰鼬',NULL,'','抽卡,碎片','http://uus-ng.img.d.cn/snapshot/201609/999/image/388/388/hd/20160920150447931.jpeg','SR','间宫康弘','男','★★'),(75,NULL,'蝴蝶精',NULL,'','抽卡,碎片','http://uus-ng.img.d.cn/snapshot/201609/999/image/388/388/hd/20160920150221571.jpeg','R','悠木碧','女','★★'),(76,NULL,'狸猫',NULL,'','抽卡,碎片','http://uus-ng.img.d.cn/snapshot/201609/999/image/388/388/hd/20160920145918831.jpeg','R','保志总一朗','男','★★'),(77,NULL,'跳跳弟弟',NULL,'','抽卡,碎片','http://uus-ng.img.d.cn/snapshot/201609/999/image/388/388/hd/20160919192452025.jpeg','R','高山南','男','★★'),(78,NULL,'跳跳妹妹',NULL,'','抽卡,碎片','http://uus-ng.img.d.cn/snapshot/201609/999/image/388/388/hd/20160919192104507.jpeg','R','诹访彩花','女','★★'),(79,NULL,'铁鼠',NULL,'','抽卡,碎片','http://uus-ng.img.d.cn/snapshot/201609/999/image/388/388/hd/20160919191747925.jpeg','R','石田彰','女','★★'),(80,NULL,'童女',NULL,'','抽卡,碎片','http://uus-ng.img.d.cn/snapshot/201609/999/image/388/388/hd/20160919111719964.png','R','加隈亚衣','女','★★'),(81,NULL,'巫蛊师',NULL,'','抽卡,碎片','http://uus-ng.img.d.cn/snapshot/201609/999/image/388/388/hd/20160919111049876.jpeg','R','间宫康弘','男','★★'),(82,NULL,'武士之灵',NULL,'','抽卡,碎片','http://uus-ng.img.d.cn/snapshot/201609/999/image/388/388/hd/20160919110029060.jpeg','R','井上和彦','男','★★'),(83,NULL,'雨女',NULL,'','抽卡,碎片','http://uus-ng.img.d.cn/snapshot/201609/999/image/388/388/hd/20160919103128584.jpeg','R','加隈亚衣','女','★★'),(84,NULL,'饿鬼',NULL,'','抽卡,碎片','http://uus-ng.img.d.cn/snapshot/201609/999/image/388/388/hd/20160919101843632.jpeg','R','井上麻里奈','女','★★'),(85,NULL,'座敷童子',NULL,'','抽卡,碎片','http://uus-ng.img.d.cn/snapshot/201609/999/image/388/388/hd/20160919102039254.jpeg','R','竹内顺子','女','★★'),(86,NULL,'兵佣',NULL,'','抽卡,碎片','http://uus-ng.img.d.cn/snapshot/201609/999/image/388/388/hd/20160919102003545.jpeg','R','石田彰','男','★★');

/*!40101 SET SQL_MODE=@OLD_SQL_MODE */;
/*!40014 SET FOREIGN_KEY_CHECKS=@OLD_FOREIGN_KEY_CHECKS */;
/*!40014 SET UNIQUE_CHECKS=@OLD_UNIQUE_CHECKS */;
/*!40111 SET SQL_NOTES=@OLD_SQL_NOTES */;
